Workbook

Sheet 貼付シート
B1: ================================================================================
B2: 従業員情報台帳 出力日：2024/06/30 PAGE: 1
B3: ================================================================================
B4: 従業員CD 氏名 性別 生年月日
B5: 〒 住所
B6: 部署CD 部署名 入社年月日 等級
B7: ────────────────────────────────────────────────────────────
A8: =IF(MIDB(B8,4,1)="-",ROW(B8),"") -> 8 | B8: EMP-00101 佐藤 一郎 男 1985/04/12
A9: =IF(MIDB(B9,4,1)="-",ROW(B9),"") | B9: 105-0001 東京都港区虎ノ門１丁目２－３
A10: =IF(MIDB(B10,4,1)="-",ROW(B10),"") | B10: 001000 総務部 2010/04/01 M2
A11: =IF(MIDB(B11,4,1)="-",ROW(B11),"") | B11: ────────────────────────────────────────────────────────────
A12: =IF(MIDB(B12,4,1)="-",ROW(B12),"") -> 12 | B12: EMP-00102 鈴木 花子 女 1990/08/23
A13: =IF(MIDB(B13,4,1)="-",ROW(B13),"") | B13: 150-0002 東京都渋谷区渋谷２丁目５－８
A14: =IF(MIDB(B14,4,1)="-",ROW(B14),"") | B14: 001000 総務部 2013/04/01 M1
A15: =IF(MIDB(B15,4,1)="-",ROW(B15),"") | B15: ────────────────────────────────────────────────────────────
A16: =IF(MIDB(B16,4,1)="-",ROW(B16),"") -> 16 | B16: EMP-00103 高橋 健太 男 1988/01/15
A17: =IF(MIDB(B17,4,1)="-",ROW(B17),"") | B17: 160-0023 東京都新宿区西新宿３丁目７－１
A18: =IF(MIDB(B18,4,1)="-",ROW(B18),"") | B18: 001000 総務部 2011/10/01 M2
A19: =IF(MIDB(B19,4,1)="-",ROW(B19),"") | B19: ────────────────────────────────────────────────────────────
... A128: =IF(MIDB(B128,4,1)="-",ROW(B128),"") | B128: PAGE: 5 END

Sheet 抽出シート
A1: 作業列１ | B1: 作業列２ | C1: 作業列３ | D1: 番号 | E1: 従業員CD | F1: 氏名 | G1: 性別 | H1: 生年月日 | I1: 郵便番号 | J1: 住所 | K1: 部署CD | L1: 部署名 | M1: 入社年月日 | N1: 等級
A2: {=IFERROR(INDEX(貼付シート!$B$1:$B$10000,SMALL(貼付シート!$A$1:$A$10000,D2)),"")} -> EMP-00101 佐藤 一郎 男 1985/04/12 | B2: {=IFERROR(INDEX(貼付シート!$B$1:$B$10000,SMALL(貼付シート!$A$1:$A$10000,D2)+1),"")} -> 105-0001 東京都港区虎ノ門１丁目２－３ | C2: {=IFERROR(INDEX(貼付シート!$B$1:$B$10000,SMALL(貼付シート!$A$1:$A$10000,D2)+2),"")} -> 001000 総務部 2010/04/01 M2 | D2: 1 | E2: =MIDB(A2,1,9) -> EMP-00101 | F2: =TRIM(MIDB(A2,11,22)) -> 佐藤 一郎 | G2: =MIDB(A2,32,2) -> 男 | H2: =MIDB(A2,37,10) -> 1985/04/12 | I2: =MIDB(B2,11,8) -> 105-0001 | J2: =TRIM(MIDB(B2,20,45)) -> 東京都港区虎ノ門１丁目２－３ | K2: =MIDB(C2,11,6) -> 001000 | L2: =TRIM(MIDB(C2,18,19)) -> 総務部 | M2: =IF(A2="","",DATEVALUE(MIDB(C2,37,10))) -> 40269 | N2: =MIDB(C2,48,2) -> M2
A3: {=IFERROR(INDEX(貼付シート!$B$1:$B$10000,SMALL(貼付シート!$A$1:$A$10000,D3)),"")} -> EMP-00102 鈴木 花子 女 1990/08/23 | B3: {=IFERROR(INDEX(貼付シート!$B$1:$B$10000,SMALL(貼付シート!$A$1:$A$10000,D3)+1),"")} -> 150-0002 東京都渋谷区渋谷２丁目５－８ | C3: {=IFERROR(INDEX(貼付シート!$B$1:$B$10000,SMALL(貼付シート!$A$1:$A$10000,D3)+2),"")} -> 001000 総務部 2013/04/01 M1 | D3: 2 | E3: =MIDB(A3,1,9) -> EMP-00102 | F3: =TRIM(MIDB(A3,11,22)) -> 鈴木 花子 | G3: =MIDB(A3,32,2) -> 女 | H3: =MIDB(A3,37,10) -> 1990/08/23 | I3: =MIDB(B3,11,8) -> 150-0002 | J3: =TRIM(MIDB(B3,20,45)) -> 東京都渋谷区渋谷２丁目５－８ | K3: =MIDB(C3,11,6) -> 001000 | L3: =TRIM(MIDB(C3,18,19)) -> 総務部 | M3: =IF(A3="","",DATEVALUE(MIDB(C3,37,10))) -> 41365 | N3: =MIDB(C3,48,2) -> M1
A4: {=IFERROR(INDEX(貼付シート!$B$1:$B$10000,SMALL(貼付シート!$A$1:$A$10000,D4)),"")} -> EMP-00103 高橋 健太 男 1988/01/15 | B4: {=IFERROR(INDEX(貼付シート!$B$1:$B$10000,SMALL(貼付シート!$A$1:$A$10000,D4)+1),"")} -> 160-0023 東京都新宿区西新宿３丁目７－１ | C4: {=IFERROR(INDEX(貼付シート!$B$1:$B$10000,SMALL(貼付シート!$A$1:$A$10000,D4)+2),"")} -> 001000 総務部 2011/10/01 M2 | D4: 3 | E4: =MIDB(A4,1,9) -> EMP-00103 | F4: =TRIM(MIDB(A4,11,22)) -> 高橋 健太 | G4: =MIDB(A4,32,2) -> 男 | H4: =MIDB(A4,37,10) -> 1988/01/15 | I4: =MIDB(B4,11,8) -> 160-0023 | J4: =TRIM(MIDB(B4,20,45)) -> 東京都新宿区西新宿３丁目７－１ | K4: =MIDB(C4,11,6) -> 001000 | L4: =TRIM(MIDB(C4,18,19)) -> 総務部 | M4: =IF(A4="","",DATEVALUE(MIDB(C4,37,10))) -> 40817 | N4: =MIDB(C4,48,2) -> M2
A5: {=IFERROR(INDEX(貼付シート!$B$1:$B$10000,SMALL(貼付シート!$A$1:$A$10000,D5)),"")} -> EMP-00104 渡辺 美咲 女 1992/11/30 | B5: {=IFERROR(INDEX(貼付シート!$B$1:$B$10000,SMALL(貼付シート!$A$1:$A$10000,D5)+1),"")} -> 108-0075 東京都港区港南４丁目１－６ | C5: {=IFERROR(INDEX(貼付シート!$B$1:$B$10000,SMALL(貼付シート!$A$1:$A$10000,D5)+2),"")} -> 001000 総務部 2015/04/01 S3 | D5: 4 | E5: =MIDB(A5,1,9) -> EMP-00104 | F5: =TRIM(MIDB(A5,11,22)) -> 渡辺 美咲 | G5: =MIDB(A5,32,2) -> 女 | H5: =MIDB(A5,37,10) -> 1992/11/30 | I5: =MIDB(B5,11,8) -> 108-0075 | J5: =TRIM(MIDB(B5,20,45)) -> 東京都港区港南４丁目１－６ | K5: =MIDB(C5,11,6) -> 001000 | L5: =TRIM(MIDB(C5,18,19)) -> 総務部 | M5: =IF(A5="","",DATEVALUE(MIDB(C5,37,10))) -> 42095 | N5: =MIDB(C5,48,2) -> S3
A6: {=IFERROR(INDEX(貼付シート!$B$1:$B$10000,SMALL(貼付シート!$A$1:$A$10000,D6)),"")} -> EMP-00105 伊藤 大輔 男 1983/06/08 | B6: {=IFERROR(INDEX(貼付シート!$B$1:$B$10000,SMALL(貼付シート!$A$1:$A$10000,D6)+1),"")} -> 141-0032 東京都品川区大崎５丁目３－２ | C6: {=IFERROR(INDEX(貼付シート!$B$1:$B$10000,SMALL(貼付シート!$A$1:$A$10000,D6)+2),"")} -> 001000 総務部 2008/04/01 M3 | D6: 5 | E6: =MIDB(A6,1,9) -> EMP-00105 | F6: =TRIM(MIDB(A6,11,22)) -> 伊藤 大輔 | G6: =MIDB(A6,32,2) -> 男 | H6: =MIDB(A6,37,10) -> 1983/06/08 | I6: =MIDB(B6,11,8) -> 141-0032 | J6: =TRIM(MIDB(B6,20,45)) -> 東京都品川区大崎５丁目３－２ | K6: =MIDB(C6,11,6) -> 001000 | L6: =TRIM(MIDB(C6,18,19)) -> 総務部 | M6: =IF(A6="","",DATEVALUE(MIDB(C6,37,10))) -> 39539 | N6: =MIDB(C6,48,2) -> M3
A7: {=IFERROR(INDEX(貼付シート!$B$1:$B$10000,SMALL(貼付シート!$A$1:$A$10000,D7)),"")} -> EMP-00201 中村 翔太 男 1987/03/20 | B7: {=IFERROR(INDEX(貼付シート!$B$1:$B$10000,SMALL(貼付シート!$A$1:$A$10000,D7)+1),"")} -> 170-0013 東京都豊島区東池袋１丁目４－５ | C7: {=IFERROR(INDEX(貼付シート!$B$1:$B$10000,SMALL(貼付シート!$A$1:$A$10000,D7)+2),"")} -> 002000 営業第一課 2010/04/01 M2 | D7: 6 | E7: =MIDB(A7,1,9) -> EMP-00201 | F7: =TRIM(MIDB(A7,11,22)) -> 中村 翔太 | G7: =MIDB(A7,32,2) -> 男 | H7: =MIDB(A7,37,10) -> 1987/03/20 | I7: =MIDB(B7,11,8) -> 170-0013 | J7: =TRIM(MIDB(B7,20,45)) -> 東京都豊島区東池袋１丁目４－５ | K7: =MIDB(C7,11,6) -> 002000 | L7: =TRIM(MIDB(C7,18,19)) -> 営業第一課 | M7: =IF(A7="","",DATEVALUE(MIDB(C7,37,10))) -> 40269 | N7: =MIDB(C7,48,2) -> M2
A8: {=IFERROR(INDEX(貼付シート!$B$1:$B$10000,SMALL(貼付シート!$A$1:$A$10000,D8)),"")} -> EMP-00202 小林 真由美 女 1991/07/14 | B8: {=IFERROR(INDEX(貼付シート!$B$1:$B$10000,SMALL(貼付シート!$A$1:$A$10000,D8)+1),"")} -> 114-0002 東京都北区王子２丁目８－３ | C8: {=IFERROR(INDEX(貼付シート!$B$1:$B$10000,SMALL(貼付シート!$A$1:$A$10000,D8)+2),"")} -> 002000 営業第一課 2014/04/01 M1 | D8: 7 | E8: =MIDB(A8,1,9) -> EMP-00202 | F8: =TRIM(MIDB(A8,11,22)) -> 小林 真由美 | G8: =MIDB(A8,32,2) -> 女 | H8: =MIDB(A8,37,10) -> 1991/07/14 | I8: =MIDB(B8,11,8) -> 114-0002 | J8: =TRIM(MIDB(B8,20,45)) -> 東京都北区王子２丁目８－３ | K8: =MIDB(C8,11,6) -> 002000 | L8: =TRIM(MIDB(C8,18,19)) -> 営業第一課 | M8: =IF(A8="","",DATEVALUE(MIDB(C8,37,10))) -> 41730 | N8: =MIDB(C8,48,2) -> M1
A9: {=IFERROR(INDEX(貼付シート!$B$1:$B$10000,SMALL(貼付シート!$A$1:$A$10000,D9)),"")} -> EMP-00203 松本 裕也 男 1986/12/01 | B9: {=IFERROR(INDEX(貼付シート!$B$1:$B$10000,SMALL(貼付シート!$A$1:$A$10000,D9)+1),"")} -> 116-0013 東京都荒川区西日暮里３丁目６－７ | C9: {=IFERROR(INDEX(貼付シート!$B$1:$B$10000,SMALL(貼付シート!$A$1:$A$10000,D9)+2),"")} -> 002000 営業第一課 2009/07/01 M3 | D9: 8 | E9: =MIDB(A9,1,9) -> EMP-00203 | F9: =TRIM(MIDB(A9,11,22)) -> 松本 裕也 | G9: =MIDB(A9,32,2) -> 男 | H9: =MIDB(A9,37,10) -> 1986/12/01 | I9: =MIDB(B9,11,8) -> 116-0013 | J9: =TRIM(MIDB(B9,20,45)) -> 東京都荒川区西日暮里３丁目６－７ | K9: =MIDB(C9,11,6) -> 002000 | L9: =TRIM(MIDB(C9,18,19)) -> 営業第一課 | M9: =IF(A9="","",DATEVALUE(MIDB(C9,37,10))) -> 39995 | N9: =MIDB(C9,48,2) -> M3
A10: {=IFERROR(INDEX(貼付シート!$B$1:$B$10000,SMALL(貼付シート!$A$1:$A$10000,D10)),"")} -> EMP-00204 吉田 あかり 女 1993/05/28 | B10: {=IFERROR(INDEX(貼付シート!$B$1:$B$10000,SMALL(貼付シート!$A$1:$A$10000,D10)+1),"")} -> 120-0034 東京都足立区千住１丁目２－９ | C10: {=IFERROR(INDEX(貼付シート!$B$1:$B$10000,SMALL(貼付シート!$A$1:$A$10000,D10)+2),"")} -> 002000 営業第一課 2016/04/01 S3 | D10: 9 | E10: =MIDB(A10,1,9) -> EMP-00204 | F10: =TRIM(MIDB(A10,11,22)) -> 吉田 あかり | G10: =MIDB(A10,32,2) -> 女 | H10: =MIDB(A10,37,10) -> 1993/05/28 | I10: =MIDB(B10,11,8) -> 120-0034 | J10: =TRIM(MIDB(B10,20,45)) -> 東京都足立区千住１丁目２－９ | K10: =MIDB(C10,11,6) -> 002000 | L10: =TRIM(MIDB(C10,18,19)) -> 営業第一課 | M10: =IF(A10="","",DATEVALUE(MIDB(C10,37,10))) -> 42461 | N10: =MIDB(C10,48,2) -> S3
A11: {=IFERROR(INDEX(貼付シート!$B$1:$B$10000,SMALL(貼付シート!$A$1:$A$10000,D11)),"")} -> EMP-00301 山本 拓海 男 1989/09/10 | B11: {=IFERROR(INDEX(貼付シート!$B$1:$B$10000,SMALL(貼付シート!$A$1:$A$10000,D11)+1),"")} -> 132-0035 東京都江戸川区平井３丁目５－１ | C11: {=IFERROR(INDEX(貼付シート!$B$1:$B$10000,SMALL(貼付シート!$A$1:$A$10000,D11)+2),"")} -> 003000 営業第二課 2012/04/01 M2 | D11: 10 | E11: =MIDB(A11,1,9) -> EMP-00301 | F11: =TRIM(MIDB(A11,11,22)) -> 山本 拓海 | G11: =MIDB(A11,32,2) -> 男 | H11: =MIDB(A11,37,10) -> 1989/09/10 | I11: =MIDB(B11,11,8) -> 132-0035 | J11: =TRIM(MIDB(B11,20,45)) -> 東京都江戸川区平井３丁目５－１ | K11: =MIDB(C11,11,6) -> 003000 | L11: =TRIM(MIDB(C11,18,19)) -> 営業第二課 | M11: =IF(A11="","",DATEVALUE(MIDB(C11,37,10))) -> 41000 | N11: =MIDB(C11,48,2) -> M2
A12: {=IFERROR(INDEX(貼付シート!$B$1:$B$10000,SMALL(貼付シート!$A$1:$A$10000,D12)),"")} -> EMP-00302 井上 さくら 女 1994/02/17 | B12: {=IFERROR(INDEX(貼付シート!$B$1:$B$10000,SMALL(貼付シート!$A$1:$A$10000,D12)+1),"")} -> 125-0061 東京都葛飾区亀有２丁目７－４ | C12: {=IFERROR(INDEX(貼付シート!$B$1:$B$10000,SMALL(貼付シート!$A$1:$A$10000,D12)+2),"")} -> 003000 営業第二課 2017/04/01 S2 | D12: 11 | E12: =MIDB(A12,1,9) -> EMP-00302 | F12: =TRIM(MIDB(A12,11,22)) -> 井上 さくら | G12: =MIDB(A12,32,2) -> 女 | H12: =MIDB(A12,37,10) -> 1994/02/17 | I12: =MIDB(B12,11,8) -> 125-0061 | J12: =TRIM(MIDB(B12,20,45)) -> 東京都葛飾区亀有２丁目７－４ | K12: =MIDB(C12,11,6) -> 003000 | L12: =TRIM(MIDB(C12,18,19)) -> 営業第二課 | M12: =IF(A12="","",DATEVALUE(MIDB(C12,37,10))) -> 42826 | N12: =MIDB(C12,48,2) -> S2
A13: {=IFERROR(INDEX(貼付シート!$B$1:$B$10000,SMALL(貼付シート!$A$1:$A$10000,D13)),"")} -> EMP-00303 木村 蓮 男 1984/10/05 | B13: {=IFERROR(INDEX(貼付シート!$B$1:$B$10000,SMALL(貼付シート!$A$1:$A$10000,D13)+1),"")} -> 136-0076 東京都江東区南砂４丁目１－８ | C13: {=IFERROR(INDEX(貼付シート!$B$1:$B$10000,SMALL(貼付シート!$A$1:$A$10000,D13)+2),"")} -> 003000 営業第二課 2007/04/01 M3 | D13: 12 | E13: =MIDB(A13,1,9) -> EMP-00303 | F13: =TRIM(MIDB(A13,11,22)) -> 木村 蓮 | G13: =MIDB(A13,32,2) -> 男 | H13: =MIDB(A13,37,10) -> 1984/10/05 | I13: =MIDB(B13,11,8) -> 136-0076 | J13: =TRIM(MIDB(B13,20,45)) -> 東京都江東区南砂４丁目１－８ | K13: =MIDB(C13,11,6) -> 003000 | L13: =TRIM(MIDB(C13,18,19)) -> 営業第二課 | M13: =IF(A13="","",DATEVALUE(MIDB(C13,37,10))) -> 39173 | N13: =MIDB(C13,48,2) -> M3
... A101: {=IFERROR(INDEX(貼付シート!$B$1:$B$10000,SMALL(貼付シート!$A$1:$A$10000,D101)),"")} | B101: {=IFERROR(INDEX(貼付シート!$B$1:$B$10000,SMALL(貼付シート!$A$1:$A$10000,D101)+1),"")} | C101: {=IFERROR(INDEX(貼付シート!$B$1:$B$10000,SMALL(貼付シート!$A$1:$A$10000,D101)+2),"")} | D101: 100 | E101: =MIDB(A101,1,9) | F101: =TRIM(MIDB(A101,11,22)) | G101: =MIDB(A101,32,2) | H101: =MIDB(A101,37,10) | I101: =MIDB(B101,11,8) | J101: =TRIM(MIDB(B101,20,45)) | K101: =MIDB(C101,11,6) | L101: =TRIM(MIDB(C101,18,19)) | M101: =IF(A101="","",DATEVALUE(MIDB(C101,37,10))) | N101: =MIDB(C101,48,2)

Sheet 手順書
A1: 固定長テキスト整形テンプレート②（複数行結合編） ― カスタマイズ手順書
A3: ■ このテンプレートの仕組み
A5: 処理の流れ
A6: ① 貼付シートのB1セルに固定長テキストをそのまま貼り付ける
A7: ② 判定列（貼付シートA列）で1人目の1行目（先頭行）だけに行番号の目印が付く
A8: 2行目・3行目および不要行（ヘッダー、罫線、フッター等）は空欄になる
A9: ③ 抽出シートの作業列１が目印の付いた行（1行目）を取り込む
A10: ④ 作業列２が1行目の次の行（2行目）を取り込む
A11: ⑤ 作業列３が1行目の2つ後の行（3行目）を取り込む
A12: ⑥ これで1人分の3行が横に並んだ状態になる
A13: ⑦ 各作業列に対してMIDB関数でバイト位置ごとに項目を切り出す
A14: ⑧ TRIM関数で切り出し後の余分なスペースを除去する
... A279: ご自身の環境に合わせて置き換えていただいても構いません。
